{
  "metrics": {
    "reward_mean": 0.03305933624505997,
    "reward_min": -0.15000000596046448,
    "reward_max": 0.3731973171234131,
    "num_nonzero_token_rewards": 10,
    "batch_size": 10
  },
  "sequence_rewards_shape": [
    10
  ],
  "token_level_rewards_shape": [
    10,
    1402
  ],
  "check_passed": true
}